,Ticker,Name,2019,2020,2021,2022,2023,2024,2025,EPS,Debt,Equity,FCF,Dividends,Issue,Sector,Industry,SectorRu,IndustryRu,InterestRateOnDebt,NetDebt,InterestExpense
0,VTBR,ВТБ ао,,80600000000,325300000000,-668000000000,432200000000,535300000000,,99.7,-2018000000000,36070000000000,0,32.1,6620418282,Financial Services,Banks - Regional,Финансы,Региональные банки,0.16,-2018000000000,3555000000000
1,GAZP,ГАЗПРОМ ао,,135000000000,2093000000000,1226000000000,-629000000000,1219000000000,,51.5,5723000000000,30698000000000,-701000000000,0,23673512900,Energy,Oil & Gas Integrated,Энергетика,Интегрированные нефтяные и газовые компании,0.16,5723000000000,715400000000
2,SBER,Сбербанк,,761100000000,1251000000000,270500000000,1509000000000,1580000000000,,73.2,-2252000000000,60855000000000,0,12.5,21586948000,Financial Services,Banks - Regional,Финансы,Региональные банки,0.16,-2252000000000,4368000000000
3,LKOH,ЛУКОЙЛ,,15200000000,773400000000,790000000000,1155000000000,848500000000,,1225,-1146000000000,9283000000000,979000000000,14.6,692865762,Energy,Oil & Gas Integrated,Энергетика,Интегрированные нефтяные и газовые компании,0.16,-1146000000000,26700000000
4,SPBE,СПБ Биржа,,1270000000,2580000000,1500000000,583000000,1010000000,,7.59,-14600000000,90200000000,-15700000000,0,132843907,Financial Services,Financial Data & Stock Exchanges,Финансы,Финансовые биржи и финансовые данные,0.2,-14600000000,465000000
5,NVTK,Новатэк ао,,169000000000,421300000000,,463000000000,493500000000,,162.5,141600000000,3740000000000,164100000000,3.6,3036306000,Energy,Oil & Gas E&P,Энергетика,Интегрированные нефтяные и газовые компании,0.16,141600000000,2430000000
6,T,Т-Техно ао,,44200000000,63400000000,20800000000,80900000000,122200000000,,455.5,-1427000000000,5119000000000,0,4.6,268274786,Financial Services,Banks - Regional,Финансы,Региональные банки,0.17,-1427000000000,0
7,X5,КЦ ИКС 5,,35800000000,44600000000,52200000000,90300000000,110100000000,,405.4,28100000000,1843000000000,47500000000,23.1,271572872,Retail,Consumer Retail,Потребительские товары массового спроса,Розничная торговля потребительскими товарами массового спроса,0.16,28100000000,34100000000
8,YDEX,ЯНДЕКС,,20400000000,8010000000,10800000000,52100000000,100900000000,,258.4,83600000000,1098000000000,41400000000,4,393280881,IT,IT Services & Infrastructure,Информационные технологии,Предоставление Интернет-услуг и инфраструктуры,0.16,83600000000,35300000000
9,OZON,Озон,,-22300000000,-56800000000,-58200000000,-42700000000,-59400000000,,-274.7,184000000000,890000000000,-84300000000,0,216413733,Retail Trade,Internet Retail,Розничная торговля,Интернет-розничная торговля,0.19,184000000000,56100000000
10,AFLT,Аэрофлот,,-113000000000,-34500000000,-41400000000,10300000000,58500000000,1000000000,0.25,597600000000,1157000000000,19100000000,9,3975771215,Industrials,Airlines,Промышленные,Авиакомпании,0.17,0,23100000000
11,GMKN,ГМКНорНик,,245400000000,478900000000,401800000000,210700000000,122400000000,,8.01,826100000000,2356000000000,23400000000,0,15286339700,Basic Materials,Other Industrial Metals & Mining,Основные материалы,Другие промышленные металлы и горнодобывающая промышленность,0.16,826100000000,137100000000
12,SFIN,ЭсЭфАй ао,,-3700000000,3390000000,6180000000,19500000000,20900000000,,415.2,209400000000,353900000000,-10200000000,22.6,50237005,Industrials,Rental & Leasing Services,Промышленные,Услуги аренды и лизинга,0.17,209400000000,30600000000
13,NLMK,НЛМК ао,,89200000000,370400000000,166100000000,209000000000,121800000000,,20.3,-70700000000,1131000000000,35100000000,0,5993227240,Basic Materials,Steel,Основные материалы,Сталь,0.16,-70700000000,1010000000
14,MTLR,Мечел ао,,808000000,80600000000,63000000000,22300000000,-37100000000,,-89.2,230000000000,256800000000,-3720000000,0,416270745,Basic Materials,Steel,Основные материалы,Сталь,0.19,230000000000,39700000000
15,TATN,Татнфт 3ао,,103500000000,198400000000,284900000000,286300000000,306100000000,,140.5,-104200000000,2205000000000,235600000000,14.3,2178690700,Energy,Oil & Gas Integrated,Основные материалы,Золото,0.16,-104200000000,3900000000
16,PLZL,Полюс,,119200000000,166900000000,111900000000,151400000000,306000000000,,224.9,624700000000,1152000000000,116000000000,10.7,1360694001,Basic Materials,Gold,Основные материалы,Золото,0.16,624700000000,60600000000
17,ROSN,Роснефть,,168000000000,1057000000000,813000000000,1267000000000,1084000000000,,102.3,3635000000000,20682000000000,1295000000000,8.4,10598177817,Energy,Oil & Gas Integrated,Услуги связи,Телекоммуникационные услуги,0.16,3635000000000,0
18,MGNT,Магнит ао,,33000000000,51700000000,34100000000,58700000000,44300000000,,435,252500000000,1564000000000,-11000000000,0,101911355,Retail,Consumer Retail,Основные материалы,Алюминий,0.16,252500000000,39400000000
19,MOEX,МосБиржа,,25200000000,27600000000,36300000000,60800000000,79300000000,,34.8,0,12093000000000,0,13.2,2276401458,Financial Services,Financial Data & Stock Exchanges,Основные материалы,Сталь,0.19,0,0
20,PIKK,ПИК ао,,86400000000,103600000000,,62800000000,56100000000,,85,27300000000,1523000000000,-114600000000,0,660497344,Real Estate,Real Estate - Diversified,Услуги связи,Телекоммуникационные услуги,0.17,27300000000,60400000000
21,TRNFP,Транснф ап,,133000000000,152200000000,242600000000,304200000000,287700000000,,505.3,-239000000000,3691000000000,177000000000,16.2,155487500,Energy,Oil & Gas Midstream,Услуги связи,Телекоммуникационные услуги,0.16,-239000000000,24700000000
22,MAGN,ММК,,43700000000,229300000000,70200000000,118200000000,79900000000,,7.15,-75500000000,913200000000,30000000000,6.5,11174330000,Basic Materials,Steel,Основные материалы,Сталь,0.16,-75500000000,1980000000
23,AFKS,Система ао,,16000000000,-8900000000,19400000000,-31500000000,-25600000000,,-2.65,1327000000000,2761000000000,-213300000000,0,9650000000,Communication Services,Telecom Services,Услуги связи,Телекоммуникационные услуги,0.19,1327000000000,252900000000
24,SMLT,Самолет ао,,3230000000,6500000000,11400000000,16400000000,5410000000,,87.9,291200000000,961100000000,-291100000000,0,61579358,Real Estate,Real Estate - Development,Защита прав потребителей,Напитки - Винодельни и ликероводочные заводы,0.17,291200000000,41100000000
25,RUAL,РУСАЛ ао,,76900000000,113100000000,49700000000,6200000000,65400000000,,4.31,584500000000,2023000000000,-114900000000,0,15193014862,Basic Materials,Aluminum,Основные материалы,Алюминий,0.19,584500000000,38000000000
26,CHMF,СевСт-ао,,74600000000,299600000000,108400000000,193900000000,149600000000,,178.6,-20100000000,861800000000,96800000000,9.1,837718660,Basic Materials,Steel,Основные материалы,Сталь,0.16,-20100000000,25500000000
27,SNGS,Сургнфгз,,743000000000,,321000000000,1322000000000,,,0,0,8040000000000,622500000000,3.6,35725994705,Energy,Oil & Gas Integrated,Основные материалы,Алюминий,0.16,0,0
28,SVCB,Совкомбанк,,,50400000000,-14600000000,94100000000,75600000000,,3.36,-539000000000,4046000000000,0,2.5,22516228905,Financial Services,Banks — Regional,Технология,Программное обеспечение - Инфраструктура,0.17,-539000000000,437900000000
29,SBER,Сбербанк-п,,761100000000,1251000000000,270500000000,1509000000000,1580000000000,,73.2,-2252000000000,60855000000000,0,12.5,21586948000,Financial Services,Banks - Regional,Промышленные,Интегрированные грузоперевозки и логистика,0.16,-2252000000000,4368000000000
30,MTSS,МТС-ао,,61400000000,63500000000,32600000000,54600000000,31500000000,,15.8,476500000000,1517000000000,-1400000000,16.7,1998381575,Communication Services,Telecom Services,Услуги связи,Телекоммуникационные услуги,0.17,476500000000,98600000000
31,SNGS,Сургнфгз,,743000000000,,321000000000,1322000000000,,,0,0,8040000000000,622500000000,3.6,35725994705,Energy,Oil & Gas Integrated,Потребительский циклический,Упаковка и контейнеры,0.16,0,0
32,RTKM,Ростел -ао,,23300000000,28500000000,31000000000,34400000000,15200000000,,4.64,525400000000,1381000000000,13100000000,4.1,3282997929,Communication Services,Telecom Services,Услуги связи,Телекоммуникационные услуги,0.17,525400000000,84300000000
33,ALRS,АЛРОСА ао,,32200000000,91300000000,100400000000,85100000000,21200000000,,2.87,107900000000,658700000000,-17600000000,4.3,7364965630,Basic Materials,Other Precious Metals & Mining,Основные материалы,Другие драгоценные металлы и горнодобывающая промышленность,0.17,107900000000,7030000000
34,CNRU,Циан,,-627000000,-2860000000,480000000,1690000000,2460000000,,31.7,-9220000000,13100000000,2340000000,0,77670490,Real Estate,Real Estate Services,Основные материалы,Сталь,,-9220000000,0
35,VKCO,"МКПАО ""ВК""",,-20900000000,-15500000000,-27200000000,-34300000000,-95500000000,,-399.6,174300000000,333500000000,-44800000000,0,572904180,Communication Services,Internet Content & Information,Услуги связи,Интернет-контент и информация,0.19,174300000000,20500000000
36,BELU,НоваБев ао,,2460000000,3820000000,8440000000,8030000000,4570000000,,36.2,11900000000,122900000000,8920000000,7.3,126400000,Consumer Defensive,Beverages - Wineries & Distilleries,Защита прав потребителей,Напитки - Винодельни и ликероводочные заводы,0.19,11900000000,5890000000
37,FLOT,Совкомфлот,,21700000000,4550000000,20400000000,83500000000,46200000000,,19.5,1030000000,679700000000,72500000000,0,2374993901,Industrials,Maritime transport activities,Основные материалы,Коксующийся уголь,0.19,1030000000,6570000000
38,SVAV,СОЛЛЕРС,,-2130000000,2430000000,,4930000000,3730000000,,118.4,2940000000,78200000000,-3270000000,10.1,31486001,Consumer Cyclical,Auto Manufacturers,Потребительский циклический,Производители автомобилей,,2940000000,100000000
39,HEAD,Хэдхантер,,2680000000,6010000000,6010000000,12500000000,24400000000,,482.7,-3940000000,24500000000,26000000000,24.5,47184918,Industrials,Human Resource Management Services,Защита прав потребителей,Фермерские продукты,0.19,-3940000000,410000000
40,IRAO,ИнтерРАОао,,75500000000,98200000000,117500000000,135900000000,147500000000,,1.41,-512200000000,1461000000000,51200000000,9.5,104400000000,Utilities,Utilities - Regulated Electric,Промышленные,Морские перевозки,0.16,-512200000000,2770000000
41,RENI,Ренессанс,,4680000000,3590000000,,10300000000,11100000000,,19.9,-33600000000,289900000000,26300000000,9.1,556952780,Financial Services,Insurance - Diversified,Потребительский циклический,Специализированная розничная торговля,0.17,-33600000000,170000000
42,IVAT,iИВА,,,188000000,1000000000,1760000000,1900000000,,19,270000000,6990000000,185000000,0,100000000,IT,Software — Development,Основные материалы,Другие промышленные металлы и горнодобывающая промышленность,0.19,270000000,48000000
43,ASTR,iАстра ао,,,1080000000,2480000000,4430000000,6450000000,,30.7,1580000000,19200000000,1350000000,2.9,210000000,IT,Software — Development,Промышленные,Грузоперевозки,0.19,1580000000,110000000
44,SIBN,Газпрнефть,,117700000000,503400000000,751500000000,641100000000,479500000000,,101.1,721800000000,6141000000000,318600000000,12,4741299639,Energy,Oil & Gas Integrated,Промышленные,Сельскохозяйственная и тяжелая строительная техника,0.16,721800000000,0
45,UPRO,Юнипро ао,,16400000000,17900000000,21300000000,22000000000,31900000000,,0.51,-92000000000,197200000000,32300000000,0,63048706145,Utilities,Utilities - Independent Power Producers,Промышленные,Электрооборудование и детали,0.17,-92000000000,0
46,WUSH,iВУШХолднг,,220000000,1800000000,830000000,1940000000,1990000000,,17.8,9120000000,21900000000,-1000000000,0,111382432,Non-essential consumer goods,Provision of specialized consumer services,Защита прав потребителей,Услуги образования и обучения,0.19,9120000000,1640000000
47,PHOR,ФосАгро ао,,43400000000,130200000000,182300000000,104100000000,100400000000,,775.3,321200000000,592500000000,29000000000,5.4,129500000,Basic Materials,Agricultural Inputs,Основные материалы,Сельскохозяйственные ресурсы,0.16,321200000000,14700000000
48,HNFG,ХЭНДЕРСОН,,,490000000,1800000000,2470000000,3210000000,,79.4,500000000,22600000000,1090000000,6.5,40444445,Non-essential consumer goods,"Manufacturing of clothing, accessories and luxury goods",Основные материалы,Сельскохозяйственные ресурсы,0.19,500000000,403000000
49,MDMG,MDMG-ао,,4200000000,6100000000,6010000000,7820000000,9930000000,,132.2,-6050000000,39000000000,9640000000,22.8,75125010,Healthcare,Healthcare services,Основные материалы,Другие промышленные металлы и горнодобывающая промышленность,,-6050000000,0
50,ENPG,ЭН+ГРУП ао,,49500000000,157800000000,74200000000,50800000000,90800000000,,142.1,808800000000,2503000000000,-91400000000,0,638848896,Basic Materials,Aluminum,Основные материалы,Алюминий,0.19,808800000000,84700000000
51,BSPB,БСП ао,,10800000000,18100000000,47500000000,47800000000,50300000000,39700000000,109.9,-54000000000,1137000000000,0,15.5,445368521,Financial Services,Banks - Regional,Защита прав потребителей,Услуги образования и обучения,0.19,-54000000000,0
52,RNFT,РуссНфт ао,,-17000000000,32400000000,20500000000,20400000000,54400000000,,184.8,85800000000,352100000000,5520000000,0,294120000,Energy,Oil & Gas E&P,Промышленные,Сельскохозяйственная и тяжелая строительная техника,,85800000000,8810000000
53,LEAS,Европлан,,6040000000,8670000000,11900000000,14800000000,14900000000,,124.3,210900000000,302100000000,0,11.1,120000000,Financial Services,Specialized financial services,Основные материалы,Химикаты,0.17,210900000000,29300000000
54,DOMRF,ДОМ.РФ,,26300000000,33400000000,30300000000,47100000000,65600000000,,405.5,-788000000000,5568000000000,0,0,179888718,Financial Services,Diversified financial services,Основные материалы,Другие промышленные металлы и горнодобывающая промышленность,0.16,-788000000000,490000000000
55,POSI,iПозитив,,1510000000,1910000000,6090000000,9700000000,3660000000,,51.4,20100000000,52700000000,-5780000000,0.2,71214000,Technology,Software - Infrastructure,Технология,Программное обеспечение - Инфраструктура,0.19,20100000000,969000000
56,RAGR,Русагро,,18300000000,30000000000,22300000000,34400000000,27700000000,,28.9,127700000000,488200000000,-11500000000,0,958749600,Consumer goods,Production of agricultural products and services in the agricultural sector,Защита прав потребителей,Напитки - Винодельни и ликероводочные заводы,0.17,127700000000,9550000000
57,FESH,ДВМП ао,,8030000000,37300000000,38600000000,37700000000,26800000000,,9.07,12200000000,278500000000,9740000000,0,2951250000,Industrials,Integrated Freight & Logistics,Промышленные,Интегрированные грузоперевозки и логистика,0.17,12200000000,7730000000
58,SOFL,iСофтлайн,,-160000000,1440000000,6480000000,3100000000,2140000000,,5.35,4720000000,98900000000,-14900000000,2.1,400002000,IT,Internet Services — Infrastructure,Основные материалы,Сталь,0.19,4720000000,3820000000
59,EUTR,ЕвроТранс,,284000000,556000000,1750000000,5150000000,5510000000,,34.6,48600000000,103900000000,-5290000000,17.7,159148665,Energy,Oil & Gas Refeinery & Sale,Промышленные,Аэрокосмическая промышленность и оборона,0.19,48600000000,3180000000
60,UGLD,ЮГК,,15100000000,12500000000,-20100000000,687000000,8820000000,,0.04,71100000000,154600000000,-7790000000,0,222778849052,Materials,Gold mining,Услуги связи,Телекоммуникационные услуги,0.19,71100000000,6860000000
61,FEES,Россети,,43900000000,,132800000000,126000000000,-149500000000,,-0.07,508500000000,3446000000000,-49100000000,0,2113460101477,Utilities,Utilities - Regulated Electric,Основные материалы,Химикаты,0.16,508500000000,85300000000
62,CBOM,МКБ ао,,30000000000,26200000000,7470000000,59800000000,20900000000,,0.62,-1430000000000,5009000000000,0,0,33429709866,Financial Services,Banks - Regional,Здравоохранение,Биотехнология,0.19,-1430000000000,564000000000
63,GEMC,МКПАО ЮМГ,,6830000000,6110000000,3270000000,9490000000,10400000000,,115.2,-7400000000,38800000000,11200000000,0,90000000,Healthcare,Healthcare services,Промышленные,Проектирование и строительство,,-7400000000,1030000000
64,UNAC,iАвиастКао,,-152000000000,-17200000000,-26200000000,-35800000000,-15300000000,,-0.02,542200000000,2289000000000,-191400000000,0,1009366990290,Industrials,Aerospace & Defense,Промышленные,Аэрокосмическая промышленность и оборона,,542200000000,80800000000
65,SGZH,Сегежа,,-1350000000,15300000000,5560000000,-16700000000,-22300000000,,-1.42,147800000000,206600000000,-18800000000,0,78450000000,Consumer Cyclical,Packaging & Containers,Потребительский циклический,Упаковка и контейнеры,0.19,147800000000,17100000000
66,FIXR,Фикс Прайс,,20300000000,19600000000,29900000000,21400000000,,,0.21,11800000000,123600000000,10300000000,0,100000000000,Consumer goods,Retail consumer goods,Технология,Электронные компоненты,0.17,11800000000,4440000000
67,LENT,Лента ао,,17400000000,13600000000,4850000000,-2630000000,22500000000,,194,60900000000,495400000000,31500000000,0,115985197,Consumer Cyclical,Department Stores,Потребительский циклический,Универмаги,0.17,60900000000,14300000000
68,IRKT,Яковлев-3,,-68400000000,5740000000,27300000000,-5390000000,11400000000,,0.94,0,633000000000,0,0,12051279624,Industrials,Aerospace & Defense,Промышленные,Аэрокосмическая промышленность и оборона,0.19,0,0
69,OZPH,iОзонФарм,,3950000000,3650000000,4000000000,4610000000,,,4.2,9940000000,49500000000,1240000000,0,1167690558,Healthcare,Life Sciences Tools and Services,Промышленные,Аэрокосмическая промышленность и оборона,0.19,9940000000,2480000000
70,HYDR,РусГидро,,67000000000,78400000000,44700000000,78600000000,67400000000,,0.15,476200000000,1366000000000,-144000000000,0,444793377038,Utilities,Utilities - Renewable,Технология,Научно-технические приборы,0.16,476200000000,64700000000
71,MBNK,МТС Банк,,5310000000,3290000000,12500000000,12400000000,,,357.2,-93800000000,602500000000,0,6.8,37526637,Financial Services,Banks — Regional,Здравоохранение,Производители лекарств – специализированные и дженерики,0.19,-93800000000,0
72,OGKB,ОГК-2 ао,,13300000000,4440000000,12100000000,,,,0,0,0,0,17.4,136207331098,Utilities,Utilities - Independent Power Producers,Промышленные,Проектирование и строительство,0.19,0,0
73,TRMK,ТМК ао,,24300000000,6970000000,42400000000,38800000000,-23900000000,,-22.7,260700000000,692900000000,36000000000,0,1052000000,Basic Materials,Steel,Основные материалы,Сталь,0.19,260700000000,59300000000
74,NMTP,НМТП ао,,4840000000,,34500000000,29600000000,37400000000,,1.94,-28300000000,220000000000,22900000000,10.5,19259815400,Industrials,Marine Shipping,Промышленные,Морские перевозки,0.17,-28300000000,1130000000
75,UWGN,ОВК ао,,-25400000000,-6300000000,-18800000000,34000000000,32100000000,,11,-11900000000,94900000000,-12700000000,0,2905885544,Industrials,Railroads,Промышленные,Железные дороги,,-11900000000,1710000000
76,RASP,Распадская,,12700000000,63700000000,58900000000,34600000000,-11800000000,,-17.7,-8880000000,251200000000,-22400000000,0,665733918,Basic Materials,Coking Coal,Основные материалы,Коксующийся уголь,0.17,-8880000000,0
77,SELG,Селигдар,,240000000,10100000000,4100000000,2840000000,5500000000,,5.34,81500000000,179200000000,-2030000000,9.5,1030000000,Basic Materials,Gold,Основные материалы,Золото,0.19,81500000000,7740000000
78,VSEH,ВИ.ру,,390000000,2790000000,3400000000,2840000000,,,5.69,12800000000,78300000000,-1780000000,0,500000000,Non-essential consumer goods,Other,Промышленные,Изготовление металлоконструкций,0.19,12800000000,2440000000
79,DATA,iАренадата,,651000000,970000000,1460000000,1950000000,,,8.39,-1290000000,4430000000,1600000000,0.6,209160464,IT,Software Development,Потребительский циклический,Автозапчасти,,-1290000000,0
80,AQUA,ИНАРКТИКА,,3120000000,5300000000,10300000000,9200000000,10300000000,,117.2,12700000000,58800000000,5700000000,6.6,87876649,Consumer Defensive,Farm Products,Потребительские продкуты,Фермерские продукты,0.19,12700000000,1330000000
81,MRKC,РоссЦентр,,2050000000,4370000000,4910000000,7920000000,6560000000,,0.16,36200000000,158900000000,3270000000,14.2,42217941468,Utilities,Utilities - Regulated Electric,Потребительские продкуты,Продуктовые магазины,0.16,36200000000,6540000000
82,NKHP,НКХП ао,,2300000000,2380000000,1960000000,4890000000,6410000000,,95.5,-6220000000,18400000000,7210000000,8.1,67597000,Industrials,Marine Shipping,Промышленные,Морские перевозки,0.19,-6220000000,48000000
83,MVID,М.видео,,6540000000,-7490000000,-6730000000,-5200000000,-20100000000,,-111.9,85800000000,367500000000,-19900000000,0,179768227,Consumer Cyclical,Specialty Retail,Потребительский циклический,Специализированная розничная торговля,0.19,85800000000,36500000000
84,PMSB,ПермьЭнСб,,740000000,960000000,1100000000,1750000000,2660000000,,73.4,-5300000000,10800000000,2290000000,21,36210960,Utilities,Utilities - Regulated Electric,Основные материалы,Золото,,-5300000000,0
85,VSMO,ВСМПО-АВСМ,,21500000000,6600000000,7610000000,24900000000,16900000000,,1465,33800000000,459500000000,5510000000,0,11529538,Basic Materials,Other Industrial Metals & Mining,Основные материалы,Другие промышленные металлы и горнодобывающая промышленность,0.17,33800000000,15200000000
86,GTRK,ГТМ ао,,66000000,191000000,100000000,440000000,-1080000000,,-18.5,3810000000,12700000000,-1580000000,0,58462120,Industrials,Trucking,Промышленные,Грузоперевозки,0.17,3810000000,810000000
87,LSNG,РСетиЛЭ-п,,12000000000,15500000000,19900000000,19900000000,21200000000,,2.48,-9660000000,299200000000,21800000000,3.1,8523785320,Utilities,Utilities - Regulated Electric,Основные материалы,Сталь,0.16,-9660000000,2730000000
88,KMAZ,КАМАЗ,,3300000000,4050000000,18700000000,19700000000,-178000000,,-0.25,160200000000,556500000000,-100400000000,0,707229559,Industrials,Farm & Heavy Construction Machinery,Промышленные,Сельскохозяйственная и тяжелая строительная техника,0.17,160200000000,20700000000
89,ETLN,ЭталонГруп,,2040000000,3010000000,13000000000,-3370000000,-2000000000,,-5.22,60000000000,323300000000,-97100000000,0,383445362,Real Estate,Real Estate - Development,Основные материалы,Сталь,0.19,60000000000,27800000000
90,EELT,ЕвроЭлтех,,370000000,407000000,945000000,671000000,705000000,,1.28,560000000,5920000000,-812000000,0,551813000,Industrials,Electrical Equipment & Parts,Промышленные,Электрооборудование и детали,0.23,560000000,116000000
91,LSRG,ЛСР ао,,12000000000,16300000000,13400000000,28400000000,28600000000,,277.6,72800000000,548700000000,-55500000000,9.3,103030215,Real Estate,Real Estate - Development,Услуги связи,Телекоммуникационные услуги,0.19,72800000000,30200000000
92,MSRS,РСетиМР ао,,4750000000,10500000000,13500000000,26300000000,13600000000,,0.28,54800000000,500400000000,5520000000,12.9,48707091574,Utilities,Utilities - Regulated Electric,Промышленные,Аэрокосмическая промышленность и оборона,0.16,54800000000,8130000000
93,MRKV,РсетВол ао,,-120000000,983000000,-470000000,,,,0,9610000000,67600000000,-1700000000,0,188307958732,Utilities,Utilities - Regulated Electric,Потребительский циклический,Автозапчасти,0.17,9610000000,1200000000
94,DIAS,iДиасофт,,1610000000,2000000000,2480000000,3060000000,2390000000,,227.9,-790000000,8550000000,286000000,4,10500000,IT,Software Development,Потребительский циклический,Производители автомобилей,,-790000000,0
95,TGKN,ТГК-14,,317000000,127000000,560000000,1650000000,1760000000,,0,5860000000,23800000000,970000000,16.1,1357945609114,Utilities,Utilities - Regulated Electric,Основные материалы,Сталь,0.24,5860000000,1120000000
96,MSNG,ПАО Мосэнерго,,8050000000,2890000000,20700000000,,,,0,0,0,0,0,39749359700,Utilities,Utilities - Independent Power Producers,Основные материалы,Другие промышленные металлы и горнодобывающая промышленность,0.16,0,0
97,TGKA,ТГК-1,,8250000000,7110000000,6710000000,,,,0,0,0,0,10.9,3854341416571,Utilities,Utilities - Regulated Electric,Коммунальные услуги,Электроснабжение,0.17,0,0
98,PRMD,iПРОМОМЕД,,3380000000,3970000000,2970000000,2880000000,,,13.5,16400000000,53100000000,-4170000000,0,212500000,Healthcare,Biotechnology,Здравоохранение,Биотехнологии,0.19,16400000000,3240000000
99,SVET,Светофор п,,66000000,,,,,,0,0,0,0,2.7,22333500,Consumer Defensive,Education & Training Services,Защита прав потребителей,Услуги образования и обучения,0.19,0,0
100,GCHE,ЧеркизГ-ао,,13900000000,16800000000,15500000000,27400000000,20400000000,,482,132800000000,327500000000,-7370000000,5.6,42222042,Consumer Defensive,Packaged Foods,Защита прав потребителей,Упакованные продукты питания,0.19,132800000000,12700000000
101,PMSB,ПермьЭнС-п,,740000000,960000000,1100000000,1750000000,2660000000,,73.4,-5300000000,10800000000,2290000000,21,36210960,Utilities,Utilities - Regulated Electric,Коммунальные услуги,Электроснабжение,,-5300000000,0
102,ABIO,iАРТГЕН ао,,73000000,12000000,46000000,169000000,215000000,,2.32,70000000,2670000000,185000000,0,92645451,Healthcare,Biotechnology,Здравоохранение,Биотехнологии,0.23,70000000,91000000
103,AKRN,Акрон,,3840000000,,90400000000,35700000000,30400000000,,827,103400000000,438900000000,-19200000000,3,36757156,Basic Materials,Agricultural Inputs,Основные материалы,Сельскохозяйственные ресурсы,0.16,103400000000,13700000000
104,VRSB,ТНСэнВорон,,712000000,1040000000,1020000000,1100000000,2280000000,,40.6,-3020000000,11900000000,1820000000,3.8,56151024,Utilities,Utilities - Regulated Electric,Коммунальные услуги,Электроснабжение,,-3020000000,0
105,ZAYM,Займер ао,,5760000000,6090000000,3930000000,,,,39.3,-1860000000,16500000000,0,26.5,100000000,Financial Services,Consumer Lending,Финансы,Потребительское кредитование,0.24,-1860000000,40000000
106,UNKL,ЮУНК ао,,228000000,123000000,138000000,-123000000,-272000000,,-453.5,0,5080000000,1000000,0,599737,Basic Materials,Other Industrial Metals & Mining,Основные материалы,Другие промышленные металлы и горнодобывающая промышленность,,0,0
107,MRKU,Россети Ур,,622000000,3840000000,4280000000,11900000000,12700000000,,0.14,21500000000,137900000000,3170000000,22.1,87430485711,Utilities,Utilities - Regulated Electric,Коммунальные услуги,Электроснабжение,0.17,21500000000,3650000000
108,MRKP,РСетиЦП ао,,6400000000,9950000000,11000000000,14000000000,16400000000,,0.15,10500000000,187500000000,11300000000,14.5,112697817043,Utilities,Utilities - Regulated Electric,Коммунальные услуги,Электроснабжение,0.17,10500000000,5420000000
109,BANE,Башнефт ао,,-11100000000,83300000000,,177400000000,104700000000,,708.2,0,1163000000000,0,5.7,147846489,Energy,Oil & Gas Integrated,Энергетика,Интегрированные нефтяные и газовые компании,0.16,0,0
110,DELI,iКаршеринг,,-2810000000,-440000000,810000000,1930000000,8000000,,0.05,28200000000,39900000000,-1000000000,0.5,175849057,Non-essential consumer goods,Provision of specialized consumer services,Неосновные потребительские товары,Предоставление специализированных потребительских услуг,0.19,28200000000,4620000000
111,GLRX,ГЛОРАКС,,,,,,,,0,0,0,0,0,282812500,Real Estate,Construction of real estate objects,Недвижимость,Строительство объектов недвижимого имущества,0.23,0,0
112,RBCM,ГК РБК ао,,3700000000,480000000,,,,,0,3690000000,14400000000,0,0,365631010,Communication Services,Internet Content & Information,Услуги связи,Интернет-контент и информация,,3690000000,0
113,SVET,Светофор,,66000000,,,,,,0,0,0,0,2.7,22333500,Consumer Defensive,Education & Training Services,Защита прав потребителей,Услуги образования и обучения,0.19,0,0
114,TUZA,ТЗА ао,,318000000,,,,,,38.7,90000000,2000000000,-87000000,0,8220000,Industrials,Farm & Heavy Construction Machinery,Промышленные,Сельскохозяйственная и тяжелая строительная техника,,90000000,2000000
115,KAZT,Куйбазот,,720000000,21200000000,38500000000,12900000000,12500000000,,70.5,19500000000,160800000000,-100000000,2.1,176582530,Basic Materials,Chemicals,Основные материалы,Химикаты,0.19,19500000000,1090000000
116,MGKL,МГКЛ,,62000000,-107000000,2000000,332000000,393000000,,0.31,1590000000,4910000000,398000000,6.3,1268545000,Financial Services,Consumer Lending,Финансы,Потребительское кредитование,0.3,1590000000,388000000
117,APRI,АПРИ,,,,700000000,1520000000,1910000000,,1.71,23900000000,61200000000,-7560000000,0,1115439217,Real Estate,Construction of real estate objects,Недвижимость,Строительство объектов недвижимого имущества,0.23,23900000000,788000000
118,MRKZ,РСетиСЗ ао,,-1140000000,-883000000,-260000000,-550000000,467000000,,0,5260000000,71200000000,8680000000,0,95785923138,Utilities,Utilities - Regulated Electric,Коммунальные услуги,Электроснабжение,0.16,5260000000,2810000000
119,MRSB,МордЭнСб,,82000000,123000000,95000000,,,,0.07,270000000,1450000000,131000000,10.4,1345037710,Utilities,Utilities - Regulated Electric,Коммунальные услуги,Электроснабжение,,270000000,62000000
120,ROLO,Русолово,,-426000000,955000000,-280000000,-1030000000,-2370000000,,-0.08,12500000000,34600000000,-7060000000,0,30001000000,Basic Materials,Other Industrial Metals & Mining,Основные материалы,Другие промышленные металлы и горнодобывающая промышленность,,12500000000,1280000000
121,ELFV,ЭЛ5Энер ао,,3630000000,2600000000,-20200000000,4620000000,4540000000,,0.13,25400000000,73700000000,3800000000,0,35371898370,Public utilities,Various utilities,Коммунальные услуги,Различные коммунальные услуги,0.17,25400000000,3700000000
122,APTK,Аптеки36и6,,6400000000,-950000000,223000000,,,,0.1,18100000000,43600000000,1640000000,0,7630433826,Healthcare,Pharmaceutical Retailers,Здравоохранение,Фармацевтические ритейлеры,0.23,18100000000,4270000000
123,GECO,iГЕНЕТИКО,,-46000000,-136000000,,,,,-1.64,160000000,816000000,0,0,90000000,Healthcare,Healthcare services,Здравоохранение,Деятельность учреждений здравоохранения,,160000000,29000000
124,ABRD,АбрауДюрсо,,1100000000,1350000000,1750000000,1280000000,1840000000,,16.9,8650000000,34300000000,-2830000000,2.9,108889117,Consumer Defensive,Beverages - Wineries & Distilleries,Защита прав потребителей,Напитки - Винодельни и ликероводочные заводы,0.19,8650000000,1450000000
125,LNZL,Лензолото,,6400000000,12000000,660000000,108000000,48000000,,42.1,-420000000,527000000,77000000,7.8,1140300,Basic Materials,Gold,Основные материалы,Золото,,-420000000,0
126,KLSB,КалужскСК,,78000000,86000000,97000000,113000000,124000000,,1.36,3240000000,7190000000,261000000,0,91487347,Utilities,Utilities - Regulated Electric,Коммунальные услуги,Электроснабжение,,3240000000,590000000
127,VEON,VEON,,-28200000000,36500000000,44200000000,-25200000000,49600000000,,28.3,594800000000,1183000000000,24600000000,0,21586948000,Communication services,Provision of wireless communication services,Услуги связи,Предоставление услуг беспроводной связи,0.19,594800000000,0
128,CARM,СТГ,,250000000,390000000,647000000,325000000,,,0.15,8230000000,8330000000,0,0,2917616015,Financial Services,Consumer Lending,Финансы,Потребительское кредитование,0.3,3210000000,484000000
129,MRKS,РсетСиб ао,,-510000000,700000000,-190000000,-2950000000,-980000000,,-0.01,48200000000,94300000000,-5580000000,0,94815163249,Utilities,Utilities - Regulated Electric,Коммунальные услуги,Электроснабжение,0.17,48200000000,7600000000
130,KBSB,ТНСэКубань,,-500000000,74000000,1260000000,3870000000,2530000000,,141.3,-4330000000,18300000000,2460000000,17.1,17869440,Utilities,Utilities - Regulated Electric,Коммунальные услуги,Электроснабжение,0.23,-4330000000,0
131,CHMK,ЧМК ао,,-490000000,6490000000,12900000000,4180000000,-7120000000,,-2252,151800000000,268000000000,8440000000,0,3161965,Basic Materials,Steel,Основные материалы,Сталь,0.17,151800000000,24500000000
132,ELMT,iЭлемент,,-450000000,250000000,2200000000,4340000000,7240000000,,0.02,1400000000,114100000000,-12300000000,2.5,469725539040,Non-essential consumer goods,Consumer electronics manufacturing,Неосновные потребительские товары,Производство бытовой электроники,0.19,1400000000,1810000000
133,RTSB,ТНСэнРст,,207000000,870000000,1690000000,2310000000,1100000000,,0.14,-2880000000,11200000000,1910000000,4.4,8128764676,Utilities,Utilities - Regulated Electric,Коммунальные услуги,Электроснабжение,,-2880000000,0
134,RKKE,ЭнергияРКК,,-6100000000,,1740000000,342000000,467000000,,257.9,8770000000,112200000000,7020000000,0,1842049,Industrials,Aerospace & Defense,Промышленные,Аэрокосмическая промышленность и оборона,0.19,8770000000,1230000000
135,RTSB,ТНСэнРст-п,,207000000,870000000,1690000000,2310000000,1100000000,,0.14,-2880000000,11200000000,1910000000,4.4,8128764676,Utilities,Utilities - Regulated Electric,Коммунальные услуги,Электроснабжение,,-2880000000,0
136,MRKY,РоссЮг ао,,-1220000000,-3730000000,340000000,3010000000,6130000000,,0.04,22600000000,55400000000,-3030000000,0,151641426354,Utilities,Utilities - Regulated Electric,Коммунальные услуги,Электроснабжение,,22600000000,4050000000
137,TTLK,Таттел. ао,,1860000000,2490000000,2640000000,2620000000,2240000000,,0.11,-5330000000,17500000000,1570000000,5.2,20843976400,Communication Services,Telecom Services,Услуги связи,Телекоммуникационные услуги,0.17,-5330000000,0
138,LSNG,РСетиЛЭ,,12000000000,15500000000,19900000000,19900000000,21200000000,,2.48,-9660000000,299200000000,21800000000,3.1,8523785320,Utilities,Utilities - Regulated Electric,Коммунальные услуги,Электроснабжение,0.16,-9660000000,2730000000
139,TNSE,ТНСэнрг ао,,-3960000000,3390000000,5000000000,9370000000,10600000000,,777.7,-16600000000,81500000000,12100000000,0,13668239,Utilities,Utilities - Independent Power Producers,Коммунальные услуги,Электроснабжение,0.19,-16600000000,1230000000
140,KZOS,ОргСинт ао,,8400000000,,,15900000000,10600000000,,5.94,10400000000,182300000000,-429000000,5.2,1785114000,Basic Materials,Chemicals,Основные материалы,Химикаты,0.16,10400000000,0
141,LIFE,Фармсинтез,,-1800000000,-525000000,-700000000,-207000000,-277000000,,-0.63,710000000,1540000000,-571000000,0,440394854,Healthcare,Biotechnology,Здравоохранение,Биотехнология,0.17,710000000,34000000
142,MISB,ТНСэМаЭл-п,,260000000,335000000,650000000,64000000,1060000000,,8.68,-1530000000,5130000000,802000000,11.2,121847780,Utilities,Utilities - Regulated Electric,Коммунальные услуги,Электроснабжение,0.19,-1530000000,0
143,MSTT,Мостотрест,,-6200000000,,830000000,925000000,-3770000000,,-13.3,-6650000000,21500000000,-814000000,0,282215500,Industrials,Engineering & Construction,Промышленные,Проектирование и строительство,0.16,-6650000000,9000000
144,NNSB,ТНСэнНН ао,,-3870000000,475000000,-2550000000,-3210000000,378000000,,96.4,1510000000,16100000000,-1330000000,0,3919400,Utilities,Utilities - Regulated Electric,Коммунальные услуги,Электроснабжение,0.3,1510000000,1070000000
145,KROT,КрасОкт-ао,,-200000000,-210000000,570000000,1770000000,4000000,,0.43,2560000000,21200000000,-823000000,0,9217583,Consumer Defensive,Confectioners,Защита прав потребителей,Кондитеры,,2560000000,17000000
146,NSVZ,iНаукаСвяз,,33000000,120000000,14000000,371000000,279000000,,17.8,2840000000,10900000000,-556000000,0,15701562,Communication Services,Telecom Services,Услуги связи,Телекоммуникационные услуги,,2840000000,441000000
147,USBN,УралСиб ао,,12800000000,230000000,4590000000,8130000000,3020000000,,0.01,-188100000000,862200000000,0,0,360134697357,Financial Services,Banks - Regional,Финансы,Региональные банки,0.19,-188100000000,0
148,DZRD,ДонскЗР,,153000000,162000000,132000000,-373000000,-891000000,,-2595,310000000,5080000000,53000000,0,343407,Technology,Electronic Components,Технология,Электронные компоненты,,310000000,57000000
149,STSB,СтаврЭнСбп,,228000000,298000000,530000000,655000000,1430000000,,1.66,-1040000000,6390000000,1190000000,0,859074636,Utilities,Utilities - Regulated Electric,Коммунальные услуги,Электроснабжение,0.16,-1040000000,156000000
150,VRSB,ТНСэнВор-п,,712000000,1040000000,1020000000,1100000000,2280000000,,40.6,-3020000000,11900000000,1820000000,3.8,56151024,Utilities,Utilities - Regulated Electric,Коммунальные услуги,Электроснабжение,,-3020000000,0
151,MGTS,МГТС-5ао,,12900000000,15100000000,16500000000,18600000000,24500000000,,307,-550000000,191700000000,9800000000,0,79708751,Communication Services,Telecom Services,Услуги связи,Телекоммуникационные услуги,0.16,-550000000,1220000000
152,RUSI,ИКРУСС-ИНВ,,,,,,,,,,,,,109000000,Financial Services,Capital Markets,Финансы,Управление активами и деятельность депозитарных банков,0.3,,
153,KRKN,СаратНПЗ-п,,2880000000,5420000000,,,,,0,0,25500000000,4900000000,0,748012,Energy,Oil & Gas Refeinery & Sale,Энергетика,Переработка и сбыт нефти и газа,,0,540000000
154,GAZA,ГАЗ ао,,,,,,,,0,0,0,0,0,18520260,Consumer Cyclical,Auto Manufacturers,Потребительский циклический,Производители автомобилей,0.23,0,0
155,MISB,ТНСэнМарЭл,,260000000,335000000,650000000,64000000,1060000000,,8.68,-1530000000,5130000000,802000000,11.2,121847780,Utilities,Utilities - Regulated Electric,Коммунальные услуги,Электроснабжение,0.23,-1530000000,0
156,KLVZ,Кристалл,,,-277000000,104000000,,,,0.11,1310000000,5360000000,-1200000000,1.3,921052700,Consumer goods,Production of alcohol and wines,Потребительские товары массового спроса,Производство спирта и вин,0.3,1310000000,189000000
157,RZSB,РязЭнСб,,323000000,507000000,831000000,982000000,903000000,,4.36,-1330000000,2800000000,899000000,13.5,206940220,Utilities,Utilities - Regulated Electric,Коммунальные услуги,Электроснабжение,,-1330000000,0
158,KMEZ,КМЗ,,225000000,,-1170000000,,,,-312,1400000000,6450000000,0,0,3764600,Industrials,Aerospace & Defense,Промышленные,Аэрокосмическая промышленность и оборона,0.23,1400000000,0
159,VGSB,ВолгЭнСб,,143000000,284000000,883000000,,,,2.76,-380000000,6040000000,382000000,0,319595965,Utilities,Utilities - Regulated Electric,Коммунальные услуги,Электроснабжение,0.17,-380000000,0
160,LVHK,Левенгук,,104000000,28000000,78000000,-378000000,-17000000,,-0.32,230000000,1340000000,-24000000,0,52940000,Technology,Scientific & Technical Instruments,Технология,Научно-технические приборы,0.3,230000000,43000000
161,STSB,СтаврЭнСб,,228000000,298000000,530000000,655000000,1430000000,,1.66,-1040000000,6390000000,1190000000,0,859074636,Utilities,Utilities - Regulated Electric,Коммунальные услуги,Электроснабжение,,-1040000000,156000000
162,BLNG,Белон ао,,84000000,,3430000000,1110000000,-2040000000,,-1.77,0,11800000000,0,0,1150000000,Energy,Thermal Coal,Энергетика,Уголь,,0,0
163,DIOD,ЗаводДИОД,,35000000,88000000,42000000,8000000,-261000000,,-2.85,-40000000,1020000000,58000000,7.6,91500000,Healthcare,Drug Manufacturers - Specialty & Generic,Здравоохранение,Производители лекарств – специализированные и дженерики,,-40000000,0
164,PRFN,ТЕПЛАНТ ао,,20000000,176000000,202000000,264000000,422000000,,0.5,-580000000,7040000000,1500000000,0,838287450,Industrials,Engineering & Construction,Промышленные,Проектирование и строительство,,-580000000,60000000
165,YAKG,ЯТЭК ао,,650000000,943000000,1830000000,2240000000,698000000,,0.84,7910000000,32100000000,-617000000,0,826919375,Energy,Oil & Gas Integrated,Энергетика,Интегрированные нефтяные и газовые компании,0.19,7910000000,1290000000
166,KRSB,Красэсб ао,,858000000,1270000000,1290000000,1770000000,2540000000,,4.25,-3640000000,10500000000,1640000000,14.6,596039612,Utilities,Utilities - Regulated Electric,Коммунальные услуги,Электроснабжение,,-3640000000,0
167,DVEC,ДЭК ао,,1090000000,1650000000,2710000000,4750000000,2760000000,,0.16,11800000000,97000000000,1720000000,7.7,17223107804,Utilities,Utilities - Regulated Electric,Коммунальные услуги,Электроснабжение,,11800000000,1070000000
168,NAUK,iНПОНаука,,17000000,-533000000,104000000,149000000,828000000,,70.2,-1530000000,10800000000,570000000,0.7,11789500,Industrials,Aerospace & Defense,Промышленные,Аэрокосмическая промышленность и оборона,0.19,-1530000000,80000000
169,ZILL,ЗИЛ ао,,3390000000,-1100000000,3920000000,,,,1473,-25400000000,72500000000,10700000000,0,2659962,Non-essential consumer goods,Car production,Неосновные потребительские товары,Производители автомобилей,,-25400000000,40000000
170,GEMA,iММЦБ ао,,123000000,137000000,113000000,,,,75.7,150000000,870000000,243000000,10,14929920,Healthcare,Medical Care Facilities,Здравоохранение,Медицинские учреждения,0.23,150000000,4000000
171,YRSB,ТНСэнЯр-п,,-1730000000,120000000,510000000,620000000,520000000,,30.3,370000000,5480000000,473000000,0,17143584,Utilities,Utilities - Regulated Electric,Коммунальные услуги,Электроснабжение,,370000000,180000000
172,NFAZ,НЕФАЗ,,767000000,554000000,378000000,,,,47,2380000000,11800000000,-1580000000,0,8038896,Consumer Cyclical,Auto Manufacturers,Потребительский циклический,Производители автомобилей,,2380000000,342000000
173,TGKB,ТГК-2,,-1240000000,-3100000000,800000000,-15500000000,-3480000000,,0,12200000000,49200000000,7770000000,0,1458404850747,Utilities,Utilities - Independent Power Producers,Коммунальные услуги,Электроснабжение,0.23,12200000000,2540000000
174,MFGS,Мегион-ао,,15200000000,9550000000,-10500000000,,,,-106,43100000000,262500000000,-4260000000,0,99474705,Energy,Oil & Gas E&P,Энергетика,Разведка и добыча нефти и газа,0.3,43100000000,3710000000
175,ASSB,АстрЭнСб,,296000000,88000000,5000000,54000000,83000000,,0.11,-1280000000,3070000000,666000000,0,773900078,Utilities,Utilities - Regulated Electric,Коммунальные услуги,Электроснабжение,,-1280000000,0
176,YRSB,ТНСэнЯр,,-1730000000,120000000,510000000,620000000,520000000,,30.3,370000000,5480000000,473000000,0,17143584,Utilities,Utilities - Regulated Electric,Коммунальные услуги,Электроснабжение,,370000000,180000000
177,NKNC,НКНХ ао,,9000000000,,,16600000000,30700000000,,19.1,176600000000,605500000000,-32700000000,3.3,1611256000,Basic Materials,Specialty Chemicals,Основные материалы,Специальные химикаты,0.16,176600000000,7240000000
178,RGSS,РГС СК ао,,7620000000,2450000000,4920000000,4600000000,8030000000,,0.02,-390000000,128000000000,4250000000,0,489503740915,Financial Services,Insurance - Diversified,Финансы,Страхование,0.17,-390000000,170000000
179,KAZT,Куйбазот,,720000000,21200000000,38500000000,12900000000,12500000000,,70.5,19500000000,160800000000,-100000000,2.1,176582530,Basic Materials,Chemicals,Основные материалы,Химикаты,0.19,19500000000,1090000000
180,LPSB,ЛЭСК ао,,91000000,552000000,780000000,1420000000,444000000,,2.85,-930000000,2210000000,903000000,25.3,155521950,Utilities,Utilities - Regulated Electric,Коммунальные услуги,Электроснабжение,,-930000000,0
181,RTGZ,ГР Ростов,,,770000000,,,,,6404,1920000000,25200000000,-310000000,0,120246,Energy,Storage and transportation of oil and gas,Энергетика,Хранение и транспортировка нефти и газа,,1920000000,0
182,SLEN,Сахэнер ао,,-2650000000,-2000000,-6300000000,1700000000,-9600000000,,-4.29,12400000000,35600000000,-108000000,0,2237123773,Utilities,Utilities - Regulated Electric,Коммунальные услуги,Электроснабжение,0.19,12400000000,1620000000
183,CHKZ,ЧКПЗ ао,,190000000,490000000,450000000,2270000000,3760000000,,6269,31800000000,110200000000,-8390000000,4,600216,Industrials,Metal Fabrication,Промышленные,Изготовление металлоконструкций,0.17,31800000000,6410000000
184,NKSH,Нижкамшина,,-4200000000,535000000,1870000000,340000000,528000000,,8.28,-30000000,9160000000,57000000,0,63731171,Consumer Cyclical,Auto Parts,Потребительский циклический,Автозапчасти,0.16,-30000000,7000000
185,VLHZ,ВХЗ-ао,,36000000,480000000,99000000,238000000,48000000,,9.59,370000000,1580000000,7000000,0,5005605,Basic Materials,Specialty Chemicals,Основные материалы,Специальные химикаты,,370000000,50000000
186,AVAN,Авангрд-ао,,3120000000,,,,,,0,0,0,0,8.1,80700000,Financial Services,Banks - Regional,Финансы,Региональные банки,0.3,0,0
187,OKEY,OKEY-гдр,,1740000000,1800000000,716000000,-1300000000,1680000000,,6.26,32100000000,119200000000,3920000000,0,21586948000,Consumer Defensive,Grocery Stores,Защита прав потребителей,Продуктовые магазины,0.19,32100000000,6120000000
188,SARE,СаратЭн-ао,,,,120000000,,,,0.02,-430000000,2500000000,862000000,0,4865127996,Utilities,Utilities - Regulated Electric,Коммунальные услуги,Электроснабжение,,-430000000,34000000
189,DZRD,ДонскЗР п,,153000000,162000000,132000000,-373000000,-891000000,,-2595,310000000,5080000000,53000000,0,343407,Technology,Electronic Components,Технология,Электронные компоненты,,310000000,57000000
190,URKZ,УрКузница,,2670000000,2080000000,4850000000,6150000000,8880000000,,16215,1180000000,62600000000,-46000000,0,54776100,Basic Materials,Steel,Основные материалы,Сталь,0.19,1180000000,283000000
191,ARSA,Арсагера,,20000000,53000000,-82000000,,,,-0.66,0,205000000,-17000000,0,123817165,Financial Services,Asset Management,Финансы,Управление активами,0.16,0,0
192,BRZL,БурЗолото,,1060000000,2700000000,-3500000000,2090000000,1640000000,,232.7,-5190000000,19700000000,0,0,7027270,Basic Materials,Gold,Основные материалы,Золото,0.23,-5190000000,0
193,VJGZ,Варьеган,,3970000000,380000000,,,,,0,0,70200000000,0,0,18091110,Energy,Oil & Gas E&P,Энергетика,Разведка и добыча нефти и газа,,0,28000000
194,JNOS,Слав-ЯНОСп,,3500000000,,,,,,0,0,0,0,0,932654723,Energy,Oil & Gas Refeinery & Sale,Энергетика,Переработка и сбыт нефти и газа,,0,0
195,MAGE,МагадЭн ао,,930000000,2490000000,-2560000000,-1390000000,-3480000000,,-7.51,10600000000,21100000000,-2330000000,0,463838268,Utilities,Utilities - Regulated Electric,Коммунальные услуги,Электроснабжение,0.3,10600000000,1540000000
196,KROT,КрасОкт-1п,,-200000000,-210000000,570000000,1770000000,4000000,,0.43,2560000000,21200000000,-823000000,0,9217583,Consumer Defensive,Confectioners,Защита прав потребителей,Кондитеры,,2560000000,17000000
197,KUZB,КузнецкийБ,,,,,,,,0,0,0,0,11,22503490875,Financial Services,Banks - Regional,Финансы,Региональные банки,0.23,0,0
198,KRKN,СаратНПЗ,,2880000000,5420000000,,,,,0,0,25500000000,4900000000,0,748012,Energy,Oil & Gas Refeinery & Sale,Энергетика,Переработка и сбыт нефти и газа,,0,540000000
199,UTAR,ЮТэйр ао,,3130000000,26800000000,4440000000,,,,1.2,13200000000,98600000000,5650000000,0,7896123268,Industrials,Airlines,Промышленные,Авиакомпании,0.19,13200000000,3000000000
200,VGSB,ВолгЭнСб,,143000000,284000000,883000000,,,,2.76,-380000000,6040000000,382000000,0,319595965,Utilities,Utilities - Regulated Electric,Коммунальные услуги,Электроснабжение,0.17,-380000000,0
201,KOGK,КоршГОК ао,,2870000000,4360000000,-410000000,,,,-1639,0,53100000000,436000000,0,25012600,Basic Materials,Steel,Основные материалы,Сталь,0.17,0,108000000
202,SAGO,СамарЭн-ао,,607000000,815000000,1120000000,,,,0.32,-4300000000,10300000000,1520000000,10.7,3480630296,Utilities,Utilities - Regulated Electric,Коммунальные услуги,Электроснабжение,0.23,-4300000000,0
203,TASB,ТамбЭнСб,,261000000,317000000,467000000,,,,0.31,-1560000000,2430000000,443000000,0,1525986880,Utilities,Utilities - Regulated Electric,Коммунальные услуги,Электроснабжение,0.23,-1560000000,0
204,CNTL,Телеграф-п,,136000000,356000000,-46000000,,,,-0.28,0,1150000000,290000000,0.3,166167000,Communication Services,Telecom Services,Услуги связи,Телекоммуникационные услуги,0.3,0,0
205,VJGZ,Варьеган-п,,3970000000,380000000,,,,,0,0,70200000000,0,0,18091110,Energy,Oil & Gas E&P,Энергетика,Разведка и добыча нефти и газа,,0,28000000
206,YKEN,Якутскэнрг,,-2000000000,-10200000000,8000000000,3000000000,-20300000000,,-1.99,58200000000,63800000000,-22000000000,0,10187741424,Utilities,Utilities - Regulated Electric,Коммунальные услуги,Электроснабжение,0.19,58200000000,6650000000
207,IGST,Ижсталь2ао,,-1850000000,2560000000,3000000000,3530000000,3020000000,,3767,6050000000,20600000000,1040000000,0,800729,Basic Materials,Steel,Основные материалы,Сталь,,6050000000,6000000
208,ROST,РОСИНТЕРао,,-1830000000,94000000,327000000,112000000,1000000,,0.06,4900000000,9360000000,-613000000,0,16305334,Consumer Cyclical,Restaurants,Потребительский циклический,Рестораны,0.16,4900000000,1310000000
209,PRMB,Приморье,,450000000,655000000,,,,,0,0,40300000000,0,13.8,250000,Financial Services,Banks - Regional,Финансы,Региональные банки,0.19,0,0
210,KCHE,КамчатЭ ао,,2280000000,3350000000,1270000000,3980000000,-819000000,,-0.01,15400000000,45900000000,-1210000000,0,58294409860,Utilities,Utilities - Regulated Electric,Коммунальные услуги,Электроснабжение,,15400000000,1530000000
211,MRKK,Россети СК,,-11500000000,-27900000000,680000000,-11100000000,-15700000000,,-3.1,-2890000000,30500000000,-14600000000,0,2093354170,Utilities,Utilities - Regulated Electric,Коммунальные услуги,Электроснабжение,,-2890000000,185000000
212,RDRB,РДБанк ао,,245000000,,292000000,,,,19.3,-1560000000,35900000000,0,7.4,27492735,Financial Services,Banks - Regional,Финансы,Региональные банки,0.3,-1560000000,0
213,TASB,ТамбЭнСб,,261000000,317000000,467000000,,,,0.31,-1560000000,2430000000,443000000,0,1525986880,Utilities,Utilities - Regulated Electric,Коммунальные услуги,Электроснабжение,,-1560000000,0
214,WTCM,ЦМТ ао,,,,,,,,,,,,,1083000000,Real Estate,Real Estate Services,Недвижимость,Операционные компании на рынке недвижимости,,,
215,CNTL,Телеграф,,136000000,356000000,-46000000,,,,-0.28,0,1150000000,290000000,0.3,166167000,Communication Services,Telecom Services,Услуги связи,Телекоммуникационные услуги,0.3,0,0
216,TORS,РСТомск ао,,-340000000,22000000,327000000,388000000,220000000,,0.06,120000000,5690000000,-138000000,3.7,3819315580,Utilities,Utilities - Regulated Electric,Коммунальные услуги,Электроснабжение,,120000000,0
217,VSYD,ВыбСудЗ ао,,,,,,,,,,,,,1891250,Industrials,Aerospace & Defense,Промышленные,Аэрокосмическая промышленность и оборона,,,
218,LMBZ,Ламбумиз,,13000000,265000000,82000000,301000000,269000000,,13,-400000000,2280000000,-84000000,0.9,20752219,Materials,Production of paper and plastic packaging materials and goods,Материалы,Производство бумажных и пластиковых упаковочных материалов и товаров,,-400000000,46000000
219,YKEN,Якутскэн-п,,-2000000000,-10200000000,8000000000,3000000000,-20300000000,,-1.99,58200000000,63800000000,-22000000000,0,10187741424,Utilities,Utilities - Regulated Electric,Коммунальные услуги,Электроснабжение,,58200000000,6650000000
220,JNOS,Славн-ЯНОС,,3500000000,,,,,,0,0,0,0,0,932654723,Energy,Oil & Gas Refeinery & Sale,Энергетика,Переработка и сбыт нефти и газа,,0,0
221,ZVEZ,ЗВЕЗДА ао,,-1340000000,,,,,,-2.38,3600000000,9780000000,-1310000000,0,562020480,Consumer Cyclical,Auto Parts,Потребительский циклический,Автозапчасти,0.17,3600000000,0
222,UKUZ,ЮжКузб. ао,,-20600000000,13800000000,15900000000,1800000000,-17100000000,,-473,50400000000,66200000000,5250000000,0,36149002,Energy,Thermal Coal,Энергетика,Уголь,,50400000000,10000000000
223,PAZA,ПавлАвт ао,,,,106000000,,,,67.6,-2910000000,18600000000,2880000000,0,1567904,Consumer Cyclical,Auto Manufacturers,Потребительский циклический,Производители автомобилей,,-2910000000,400000000
224,KFBA,ИНГРАД ао,,,,,,,,,,,,,41220793,Real Estate,Diversified real estate operations,Недвижимость,Диверсифицированные операции с недвижимостью,0.3,,
225,AMEZ,АшинскийМЗ,,540000000,11700000000,8720000000,9730000000,4810000000,,9.64,14100000000,41100000000,11200000000,111.7,498454822,Basic Materials,Steel,Основные материалы,Сталь,,14100000000,1550000000
226,GAZC,ГАЗКОН-ао,,860000000,2160000000,,,,,9.58,-740000000,65900000000,0,2.8,225381601,Energy,Oil & Gas E&P,Энергетика,Разведка и добыча нефти и газа,,-740000000,0
227,GAZS,ГАЗ-сервис,,1240000000,776000000,1960000000,,,,0,0,60400000000,0,2.7,206508967,Financial Services,Capital Markets,Финансы,Управление активами и деятельность депозитарных банков,,0,0
228,GAZT,ГАЗ-Тек ао,,760000000,470000000,1210000000,,,,0,0,36300000000,0,0,471428300,Financial Services,Asset management and depository banking activities,Финансы,Управление активами и деятельность депозитарных банков,,0,0
229,KGKC,КурганГКао,,321000000,176000000,322000000,470000000,125000000,,1.02,1550000000,14200000000,334000000,3,122453406,Utilities,Utilities - Regulated Electric,Коммунальные услуги,Электроснабжение,0.19,1550000000,162000000
230,MGNZ,СМЗ-ао,,191000000,730000000,3650000000,1150000000,-907000000,,-2277,870000000,8580000000,-1950000000,0,398272,Basic Materials,Other Industrial Metals & Mining,Основные материалы,Другие промышленные металлы и горнодобывающая промышленность,,870000000,15000000
